period_start,period_end,ticker,is_active,source_verified
2023-08-31,2026-02-01,AADI,True,False
2023-08-31,2026-02-01,ACES,True,False
2023-08-31,2026-02-01,ADMR,True,False
2023-08-31,2026-02-01,ADRO,True,False
2023-08-31,2026-02-01,AKRA,True,False
2023-08-31,2026-02-01,AMMN,True,False
2023-08-31,2026-02-01,AMRT,True,False
2023-08-31,2026-02-01,ANTM,True,False
2023-08-31,2026-02-01,ARCI,True,False
2023-08-31,2026-02-01,ARTO,True,False
2023-08-31,2026-02-01,ASII,True,False
2023-08-31,2026-02-01,BBCA,True,False
2023-08-31,2026-02-01,BBNI,True,False
2023-08-31,2026-02-01,BBRI,True,False
2023-08-31,2026-02-01,BBTN,True,False
2023-08-31,2026-02-01,BBYB,True,False
2023-08-31,2026-02-01,BFIN,True,False
2023-08-31,2026-02-01,BIPI,True,False
2023-08-31,2026-02-01,BKSL,True,False
2023-08-31,2026-02-01,BMRI,True,False
2023-08-31,2026-02-01,BNBR,True,False
2023-08-31,2026-02-01,BRIS,True,False
2023-08-31,2026-02-01,BRMS,True,False
2023-08-31,2026-02-01,BRPT,True,False
2023-08-31,2026-02-01,BSDE,True,False
2023-08-31,2026-02-01,BUKA,True,False
2023-08-31,2026-02-01,BULL,True,False
2023-08-31,2026-02-01,BUMI,True,False
2023-08-31,2026-02-01,BUVA,True,False
2023-08-31,2026-02-01,CBDK,True,False
2023-08-31,2026-02-01,CMRY,True,False
2023-08-31,2026-02-01,COIN,True,False
2023-08-31,2026-02-01,CPIN,True,False
2023-08-31,2026-02-01,CTRA,True,False
2023-08-31,2026-02-01,CUAN,True,False
2023-08-31,2026-02-01,DEWA,True,False
2023-08-31,2026-02-01,DSNG,True,False
2023-08-31,2026-02-01,ELSA,True,False
2023-08-31,2026-02-01,EMAS,True,False
2023-08-31,2026-02-01,EMTK,True,False
2023-08-31,2026-02-01,ENRG,True,False
2023-08-31,2026-02-01,ERAA,True,False
2023-08-31,2026-02-01,ESSA,True,False
2023-08-31,2026-02-01,EXCL,True,False
2023-08-31,2026-02-01,GGRM,True,False
2023-08-31,2026-02-01,GOTO,True,False
2023-08-31,2026-02-01,HEAL,True,False
2023-08-31,2026-02-01,HRTA,True,False
2023-08-31,2026-02-01,HRUM,True,False
2023-08-31,2026-02-01,ICBP,True,False
2023-08-31,2026-02-01,IMPC,True,False
2023-08-31,2026-02-01,INCO,True,False
2023-08-31,2026-02-01,INDF,True,False
2023-08-31,2026-02-01,INDY,True,False
2023-08-31,2026-02-01,INET,True,False
2023-08-31,2026-02-01,INKP,True,False
2023-08-31,2026-02-01,ISAT,True,False
2023-08-31,2026-02-01,ITMG,True,False
2023-08-31,2026-02-01,JPFA,True,False
2023-08-31,2026-02-01,JSMR,True,False
2023-08-31,2026-02-01,KIJA,True,False
2023-08-31,2026-02-01,KLBF,True,False
2023-08-31,2026-02-01,KPIG,True,False
2023-08-31,2026-02-01,LSIP,True,False
2023-08-31,2026-02-01,MAPA,True,False
2023-08-31,2026-02-01,MAPI,True,False
2023-08-31,2026-02-01,MBMA,True,False
2023-08-31,2026-02-01,MDKA,True,False
2023-08-31,2026-02-01,MEDC,True,False
2023-08-31,2026-02-01,MIKA,True,False
2023-08-31,2026-02-01,MINA,True,False
2023-08-31,2026-02-01,MYOR,True,False
2023-08-31,2026-02-01,NCKL,True,False
2023-08-31,2026-02-01,PANI,True,False
2023-08-31,2026-02-01,PGAS,True,False
2023-08-31,2026-02-01,PGEO,True,False
2023-08-31,2026-02-01,PNLF,True,False
2023-08-31,2026-02-01,PSAB,True,False
2023-08-31,2026-02-01,PTBA,True,False
2023-08-31,2026-02-01,PTRO,True,False
2023-08-31,2026-02-01,PWON,True,False
2023-08-31,2026-02-01,RAJA,True,False
2023-08-31,2026-02-01,RATU,True,False
2023-08-31,2026-02-01,RMKE,True,False
2023-08-31,2026-02-01,SCMA,True,False
2023-08-31,2026-02-01,SGER,True,False
2023-08-31,2026-02-01,SMGR,True,False
2023-08-31,2026-02-01,SMIL,True,False
2023-08-31,2026-02-01,SMRA,True,False
2023-08-31,2026-02-01,SSIA,True,False
2023-08-31,2026-02-01,TAPG,True,False
2023-08-31,2026-02-01,TINS,True,False
2023-08-31,2026-02-01,TLKM,True,False
2023-08-31,2026-02-01,TOBA,True,False
2023-08-31,2026-02-01,TOWR,True,False
2023-08-31,2026-02-01,TPIA,True,False
2023-08-31,2026-02-01,UNTR,True,False
2023-08-31,2026-02-01,UNVR,True,False
2023-08-31,2026-02-01,WIFI,True,False
2023-08-31,2026-02-01,WIRG,True,False
2026-02-02,2026-08-02,AADI,True,True
2026-02-02,2026-08-02,ACES,True,True
2026-02-02,2026-08-02,ADMR,True,True
2026-02-02,2026-08-02,ADRO,True,True
2026-02-02,2026-08-02,AKRA,True,True
2026-02-02,2026-08-02,AMMN,True,True
2026-02-02,2026-08-02,AMRT,True,True
2026-02-02,2026-08-02,ANTM,True,True
2026-02-02,2026-08-02,ARCI,True,True
2026-02-02,2026-08-02,ARTO,True,True
2026-02-02,2026-08-02,ASII,True,True
2026-02-02,2026-08-02,BBCA,True,True
2026-02-02,2026-08-02,BBNI,True,True
2026-02-02,2026-08-02,BBRI,True,True
2026-02-02,2026-08-02,BBTN,True,True
2026-02-02,2026-08-02,BBYB,True,True
2026-02-02,2026-08-02,BKSL,True,True
2026-02-02,2026-08-02,BMRI,True,True
2026-02-02,2026-08-02,BREN,True,True
2026-02-02,2026-08-02,BRIS,True,True
2026-02-02,2026-08-02,BRMS,True,True
2026-02-02,2026-08-02,BRPT,True,True
2026-02-02,2026-08-02,BSDE,True,True
2026-02-02,2026-08-02,BTPS,True,True
2026-02-02,2026-08-02,BUKA,True,True
2026-02-02,2026-08-02,BULL,True,True
2026-02-02,2026-08-02,BUMI,True,True
2026-02-02,2026-08-02,BUVA,True,True
2026-02-02,2026-08-02,CBDK,True,True
2026-02-02,2026-08-02,CMRY,True,True
2026-02-02,2026-08-02,CPIN,True,True
2026-02-02,2026-08-02,CTRA,True,True
2026-02-02,2026-08-02,CUAN,True,True
2026-02-02,2026-08-02,DEWA,True,True
2026-02-02,2026-08-02,DSNG,True,True
2026-02-02,2026-08-02,DSSA,True,True
2026-02-02,2026-08-02,ELSA,True,True
2026-02-02,2026-08-02,EMTK,True,True
2026-02-02,2026-08-02,ENRG,True,True
2026-02-02,2026-08-02,ERAA,True,True
2026-02-02,2026-08-02,ESSA,True,True
2026-02-02,2026-08-02,EXCL,True,True
2026-02-02,2026-08-02,FILM,True,True
2026-02-02,2026-08-02,GOTO,True,True
2026-02-02,2026-08-02,HEAL,True,True
2026-02-02,2026-08-02,HMSP,True,True
2026-02-02,2026-08-02,HRTA,True,True
2026-02-02,2026-08-02,HRUM,True,True
2026-02-02,2026-08-02,ICBP,True,True
2026-02-02,2026-08-02,IMPC,True,True
2026-02-02,2026-08-02,INCO,True,True
2026-02-02,2026-08-02,INDF,True,True
2026-02-02,2026-08-02,INDY,True,True
2026-02-02,2026-08-02,INET,True,True
2026-02-02,2026-08-02,INKP,True,True
2026-02-02,2026-08-02,INTP,True,True
2026-02-02,2026-08-02,ISAT,True,True
2026-02-02,2026-08-02,ITMG,True,True
2026-02-02,2026-08-02,JPFA,True,True
2026-02-02,2026-08-02,JSMR,True,True
2026-02-02,2026-08-02,KIJA,True,True
2026-02-02,2026-08-02,KLBF,True,True
2026-02-02,2026-08-02,KPIG,True,True
2026-02-02,2026-08-02,MAPA,True,True
2026-02-02,2026-08-02,MAPI,True,True
2026-02-02,2026-08-02,MBMA,True,True
2026-02-02,2026-08-02,MDKA,True,True
2026-02-02,2026-08-02,MEDC,True,True
2026-02-02,2026-08-02,MIKA,True,True
2026-02-02,2026-08-02,MTEL,True,True
2026-02-02,2026-08-02,MYOR,True,True
2026-02-02,2026-08-02,NCKL,True,True
2026-02-02,2026-08-02,PANI,True,True
2026-02-02,2026-08-02,PGAS,True,True
2026-02-02,2026-08-02,PGEO,True,True
2026-02-02,2026-08-02,PNLF,True,True
2026-02-02,2026-08-02,PSAB,True,True
2026-02-02,2026-08-02,PTBA,True,True
2026-02-02,2026-08-02,PTRO,True,True
2026-02-02,2026-08-02,PWON,True,True
2026-02-02,2026-08-02,RAJA,True,True
2026-02-02,2026-08-02,RATU,True,True
2026-02-02,2026-08-02,SCMA,True,True
2026-02-02,2026-08-02,SGER,True,True
2026-02-02,2026-08-02,SIDO,True,True
2026-02-02,2026-08-02,SMGR,True,True
2026-02-02,2026-08-02,SMIL,True,True
2026-02-02,2026-08-02,SMRA,True,True
2026-02-02,2026-08-02,SSIA,True,True
2026-02-02,2026-08-02,TAPG,True,True
2026-02-02,2026-08-02,TCPI,True,True
2026-02-02,2026-08-02,TINS,True,True
2026-02-02,2026-08-02,TLKM,True,True
2026-02-02,2026-08-02,TOBA,True,True
2026-02-02,2026-08-02,TOWR,True,True
2026-02-02,2026-08-02,TPIA,True,True
2026-02-02,2026-08-02,UNTR,True,True
2026-02-02,2026-08-02,UNVR,True,True
2026-02-02,2026-08-02,WIFI,True,True
2026-02-02,2026-08-02,WIRG,True,True
2026-08-03,2027-01-29,AADI,True,True
2026-08-03,2027-01-29,ACES,True,True
2026-08-03,2027-01-29,ADMR,True,True
2026-08-03,2027-01-29,ADRO,True,True
2026-08-03,2027-01-29,AKRA,True,True
2026-08-03,2027-01-29,AMMN,True,True
2026-08-03,2027-01-29,AMRT,True,True
2026-08-03,2027-01-29,ANTM,True,True
2026-08-03,2027-01-29,ARCI,True,True
2026-08-03,2027-01-29,ARTO,True,True
2026-08-03,2027-01-29,ASII,True,True
2026-08-03,2027-01-29,BBCA,True,True
2026-08-03,2027-01-29,BBNI,True,True
2026-08-03,2027-01-29,BBRI,True,True
2026-08-03,2027-01-29,BBTN,True,True
2026-08-03,2027-01-29,BBYB,True,True
2026-08-03,2027-01-29,BFIN,True,True
2026-08-03,2027-01-29,BIPI,True,True
2026-08-03,2027-01-29,BKSL,True,True
2026-08-03,2027-01-29,BMRI,True,True
2026-08-03,2027-01-29,BNBR,True,True
2026-08-03,2027-01-29,BRIS,True,True
2026-08-03,2027-01-29,BRMS,True,True
2026-08-03,2027-01-29,BRPT,True,True
2026-08-03,2027-01-29,BSDE,True,True
2026-08-03,2027-01-29,BUKA,True,True
2026-08-03,2027-01-29,BULL,True,True
2026-08-03,2027-01-29,BUMI,True,True
2026-08-03,2027-01-29,BUVA,True,True
2026-08-03,2027-01-29,CBDK,True,True
2026-08-03,2027-01-29,CMRY,True,True
2026-08-03,2027-01-29,COIN,True,True
2026-08-03,2027-01-29,CPIN,True,True
2026-08-03,2027-01-29,CTRA,True,True
2026-08-03,2027-01-29,CUAN,True,True
2026-08-03,2027-01-29,DEWA,True,True
2026-08-03,2027-01-29,DSNG,True,True
2026-08-03,2027-01-29,ELSA,True,True
2026-08-03,2027-01-29,EMAS,True,True
2026-08-03,2027-01-29,EMTK,True,True
2026-08-03,2027-01-29,ENRG,True,True
2026-08-03,2027-01-29,ERAA,True,True
2026-08-03,2027-01-29,ESSA,True,True
2026-08-03,2027-01-29,EXCL,True,True
2026-08-03,2027-01-29,GGRM,True,True
2026-08-03,2027-01-29,GOTO,True,True
2026-08-03,2027-01-29,HEAL,True,True
2026-08-03,2027-01-29,HRTA,True,True
2026-08-03,2027-01-29,HRUM,True,True
2026-08-03,2027-01-29,ICBP,True,True
2026-08-03,2027-01-29,IMPC,True,True
2026-08-03,2027-01-29,INCO,True,True
2026-08-03,2027-01-29,INDF,True,True
2026-08-03,2027-01-29,INDY,True,True
2026-08-03,2027-01-29,INET,True,True
2026-08-03,2027-01-29,INKP,True,True
2026-08-03,2027-01-29,ISAT,True,True
2026-08-03,2027-01-29,ITMG,True,True
2026-08-03,2027-01-29,JPFA,True,True
2026-08-03,2027-01-29,JSMR,True,True
2026-08-03,2027-01-29,KIJA,True,True
2026-08-03,2027-01-29,KLBF,True,True
2026-08-03,2027-01-29,KPIG,True,True
2026-08-03,2027-01-29,LSIP,True,True
2026-08-03,2027-01-29,MAPA,True,True
2026-08-03,2027-01-29,MAPI,True,True
2026-08-03,2027-01-29,MBMA,True,True
2026-08-03,2027-01-29,MDKA,True,True
2026-08-03,2027-01-29,MEDC,True,True
2026-08-03,2027-01-29,MIKA,True,True
2026-08-03,2027-01-29,MINA,True,True
2026-08-03,2027-01-29,MYOR,True,True
2026-08-03,2027-01-29,NCKL,True,True
2026-08-03,2027-01-29,PANI,True,True
2026-08-03,2027-01-29,PGAS,True,True
2026-08-03,2027-01-29,PGEO,True,True
2026-08-03,2027-01-29,PNLF,True,True
2026-08-03,2027-01-29,PSAB,True,True
2026-08-03,2027-01-29,PTBA,True,True
2026-08-03,2027-01-29,PTRO,True,True
2026-08-03,2027-01-29,PWON,True,True
2026-08-03,2027-01-29,RAJA,True,True
2026-08-03,2027-01-29,RATU,True,True
2026-08-03,2027-01-29,RMKE,True,True
2026-08-03,2027-01-29,SCMA,True,True
2026-08-03,2027-01-29,SGER,True,True
2026-08-03,2027-01-29,SMGR,True,True
2026-08-03,2027-01-29,SMIL,True,True
2026-08-03,2027-01-29,SMRA,True,True
2026-08-03,2027-01-29,SSIA,True,True
2026-08-03,2027-01-29,TAPG,True,True
2026-08-03,2027-01-29,TINS,True,True
2026-08-03,2027-01-29,TLKM,True,True
2026-08-03,2027-01-29,TOBA,True,True
2026-08-03,2027-01-29,TOWR,True,True
2026-08-03,2027-01-29,TPIA,True,True
2026-08-03,2027-01-29,UNTR,True,True
2026-08-03,2027-01-29,UNVR,True,True
2026-08-03,2027-01-29,WIFI,True,True
2026-08-03,2027-01-29,WIRG,True,True
